"Region Code","Timestamp (Hour Ending)","Wind Generation (MWh)","Solar Generation (MWh)","Hydro Generation (MWh)","Other Generation (MWh)","Petroleum Generation (MWh)","Natural gas Generation (MWh)","Coal Generation (MWh)","Nuclear Generation (MWh)"
CAL,"5/18/2021 12 a.m. PDT",5109,3,2553,689,87,8432,817,2274
CAL,"5/18/2021 1 a.m. PDT",4876,3,1869,640,88,8185,748,2274
CAL,"5/18/2021 2 a.m. PDT",4895,3,1971,660,88,6910,687,2274
CAL,"5/18/2021 3 a.m. PDT",4845,-6,1668,836,87,6485,637,2273
CAL,"5/18/2021 4 a.m. PDT",4910,-7,1886,806,88,6344,615,2274
CAL,"5/18/2021 5 a.m. PDT",4846,2,2145,686,88,6687,613,2274
CAL,"5/18/2021 6 a.m. PDT",4579,300,2406,942,87,7592,603,2275
CAL,"5/18/2021 7 a.m. PDT",4463,4577,2009,774,87,6776,602,2274
CAL,"5/18/2021 8 a.m. PDT",4389,9562,1061,723,88,5770,596,2274
CAL,"5/18/2021 9 a.m. PDT",4058,11193,648,600,88,6027,594,2274
CAL,"5/18/2021 10 a.m. PDT",3898,11791,602,584,86,6203,587,2274
CAL,"5/18/2021 11 a.m. PDT",3945,12692,521,579,88,5961,584,2274
CAL,"5/18/2021 12 p.m. PDT",3907,12936,496,569,87,5889,582,2275
CAL,"5/18/2021 1 p.m. PDT",4336,13450,504,606,88,6133,583,2278
CAL,"5/18/2021 2 p.m. PDT",4589,13651,1080,614,87,5913,586,2276
CAL,"5/18/2021 3 p.m. PDT",4661,13694,1471,556,88,5684,584,2277
CAL,"5/18/2021 4 p.m. PDT",4551,13041,1788,599,88,5613,591,2276
CAL,"5/18/2021 5 p.m. PDT",4968,11391,2141,624,88,6615,598,2278
CAL,"5/18/2021 6 p.m. PDT",4542,8222,2859,693,88,7277,631,2277
CAL,"5/18/2021 7 p.m. PDT",4481,2259,4210,780,88,9822,711,2279
CAL,"5/18/2021 8 p.m. PDT",4490,1824,4922,992,87,11117,1016,2280
CAL,"5/18/2021 9 p.m. PDT",4398,3,4288,1013,87,10431,1392,2279
CAL,"5/18/2021 10 p.m. PDT",4524,2,3572,840,87,9591,1678,2277
CAL,"5/18/2021 11 p.m. PDT",4786,2,3111,787,87,8688,1646,2278
CAL,"5/19/2021 12 a.m. PDT",4412,2,2198,887,88,8196,1338,2277
CAL,"5/19/2021 1 a.m. PDT",4805,2,1829,908,88,8018,1215,2278
CAL,"5/19/2021 2 a.m. PDT",4815,2,1695,693,88,8018,872,2276
CAL,"5/19/2021 3 a.m. PDT",4774,-6,1666,886,88,7699,671,2278
CAL,"5/19/2021 4 a.m. PDT",4591,3,1909,855,89,7850,636,2277
CAL,"5/19/2021 5 a.m. PDT",4469,2,1829,765,88,8349,794,2277
CAL,"5/19/2021 6 a.m. PDT",4911,355,2105,742,89,8140,897,2277
CAL,"5/19/2021 7 a.m. PDT",4641,4943,2333,744,88,6839,870,2277
CAL,"5/19/2021 8 a.m. PDT",4626,10167,1355,683,88,5464,800,2277
CAL,"5/19/2021 9 a.m. PDT",4279,12196,842,603,89,5549,747,2278
CAL,"5/19/2021 10 a.m. PDT",4509,12840,461,597,88,6011,736,2278
CAL,"5/19/2021 11 a.m. PDT",4409,13880,386,589,89,5896,623,2279
CAL,"5/19/2021 12 p.m. PDT",4457,14041,556,584,89,5769,640,2279
CAL,"5/19/2021 1 p.m. PDT",4628,13986,546,624,89,5635,619,2278
CAL,"5/19/2021 2 p.m. PDT",5193,13771,593,583,88,5667,608,2279
CAL,"5/19/2021 3 p.m. PDT",5493,13470,872,551,89,5993,616,2281
CAL,"5/19/2021 4 p.m. PDT",5301,12809,1504,634,88,6724,615,2280
CAL,"5/19/2021 5 p.m. PDT",5550,11533,1566,629,89,8069,615,2282
CAL,"5/19/2021 6 p.m. PDT",5119,8101,2807,546,89,8196,646,2281
CAL,"5/19/2021 7 p.m. PDT",4894,2238,3898,778,89,10970,705,2281
CAL,"5/19/2021 8 p.m. PDT",4644,1748,4465,956,88,12033,899,2280
CAL,"5/19/2021 9 p.m. PDT",4310,4,4592,907,88,12152,1246,2281
CAL,"5/19/2021 10 p.m. PDT",4477,3,3413,808,89,11752,1500,2283
CAL,"5/19/2021 11 p.m. PDT",4830,3,2601,839,88,10651,1411,2285
CAL,"5/20/2021 12 a.m. PDT",5460,3,1725,747,88,9563,1123,2281
CAL,"5/20/2021 1 a.m. PDT",5554,3,1536,729,88,8260,933,2281
CAL,"5/20/2021 2 a.m. PDT",5298,4,1350,685,89,7865,797,2282
CAL,"5/20/2021 3 a.m. PDT",5165,4,1294,647,89,7523,682,2282
CAL,"5/20/2021 4 a.m. PDT",5020,3,1321,625,89,7699,699,2281
CAL,"5/20/2021 5 a.m. PDT",4771,3,1853,629,89,8187,607,2283
CAL,"5/20/2021 6 a.m. PDT",4675,410,2112,719,88,8326,623,2284
CAL,"5/20/2021 7 a.m. PDT",4524,5288,1813,734,89,7049,723,2282
CAL,"5/20/2021 8 a.m. PDT",4413,9980,1376,622,59,6323,724,2282
CAL,"5/20/2021 9 a.m. PDT",4280,12142,1054,597,54,5533,726,2282
CAL,"5/20/2021 10 a.m. PDT",4292,12796,911,589,54,5469,726,2282
CAL,"5/20/2021 11 a.m. PDT",4411,12956,797,585,54,5421,722,2282
CAL,"5/20/2021 12 p.m. PDT",4516,12459,680,589,54,5437,606,2281
CAL,"5/20/2021 1 p.m. PDT",4749,12976,624,585,54,5482,610,2281
CAL,"5/20/2021 2 p.m. PDT",4936,12975,748,575,54,5377,618,2281
CAL,"5/20/2021 3 p.m. PDT",5025,11282,964,604,87,5755,619,2281
CAL,"5/20/2021 4 p.m. PDT",5291,9535,1115,709,38,6834,619,2281
CAL,"5/20/2021 5 p.m. PDT",5279,8620,1519,602,39,7233,633,2281
CAL,"5/20/2021 6 p.m. PDT",5290,6424,2445,628,38,7707,647,2280
CAL,"5/20/2021 7 p.m. PDT",5098,2055,3245,897,71,9286,685,2281
CAL,"5/20/2021 8 p.m. PDT",4973,1647,3706,860,88,10711,768,2282
CAL,"5/20/2021 9 p.m. PDT",4499,29,3778,975,88,11476,896,2280
CAL,"5/20/2021 10 p.m. PDT",3863,26,3172,968,88,11263,1055,2282
CAL,"5/20/2021 11 p.m. PDT",3986,26,2669,760,89,9944,1093,2283
CAL,"5/21/2021 12 a.m. PDT",4415,26,2048,715,89,9642,877,2282
CAL,"5/21/2021 1 a.m. PDT",4156,26,1820,749,89,9664,788,2282
CAL,"5/21/2021 2 a.m. PDT",3793,26,1690,708,89,10134,758,2280
CAL,"5/21/2021 3 a.m. PDT",3265,26,1671,706,88,9511,739,2282
CAL,"5/21/2021 4 a.m. PDT",3146,24,1660,765,88,9397,790,2283
CAL,"5/21/2021 5 a.m. PDT",2862,24,2006,757,89,9742,834,2285
CAL,"5/21/2021 6 a.m. PDT",2801,410,2305,746,88,9863,806,2284
CAL,"5/21/2021 7 a.m. PDT",3119,5002,2209,741,87,7992,763,2283
CAL,"5/21/2021 8 a.m. PDT",4196,9561,1372,639,87,6421,677,2283
CAL,"5/21/2021 9 a.m. PDT",5146,11124,779,576,88,5407,621,2283
CAL,"5/21/2021 10 a.m. PDT",5092,11914,461,573,88,5710,600,2283
CAL,"5/21/2021 11 a.m. PDT",4971,10896,285,533,88,6038,597,2284
CAL,"5/21/2021 12 p.m. PDT",5039,11434,271,529,88,6278,597,2284
CAL,"5/21/2021 1 p.m. PDT",4977,10429,188,513,88,5946,585,2286
CAL,"5/21/2021 2 p.m. PDT",4806,10316,525,602,88,5612,591,2281
CAL,"5/21/2021 3 p.m. PDT",4782,10196,909,665,88,5397,589,2283
CAL,"5/21/2021 4 p.m. PDT",4442,10192,1258,673,88,6265,593,2283
CAL,"5/21/2021 5 p.m. PDT",4359,8439,1928,618,89,7610,607,2285
CAL,"5/21/2021 6 p.m. PDT",3677,7076,2771,633,89,8106,629,2284
CAL,"5/21/2021 7 p.m. PDT",3261,1935,3882,867,89,9795,719,2283
CAL,"5/21/2021 8 p.m. PDT",3635,1542,3813,868,88,10757,966,2283
CAL,"5/21/2021 9 p.m. PDT",3065,24,4267,826,88,11207,941,2284
CAL,"5/21/2021 10 p.m. PDT",3413,24,3429,1060,88,10263,936,2280
CAL,"5/21/2021 11 p.m. PDT",3712,24,2507,952,88,9717,895,2281
CAL,"5/22/2021 12 a.m. PDT",3377,24,2583,853,88,9090,865,2280
CAL,"5/22/2021 1 a.m. PDT",3109,24,2431,852,88,9479,796,2282
CAL,"5/22/2021 2 a.m. PDT",3166,24,2083,755,88,8784,740,2281
CAL,"5/22/2021 3 a.m. PDT",3237,24,1903,765,88,8685,678,2281
CAL,"5/22/2021 4 a.m. PDT",3026,24,2057,799,88,8736,640,2279
CAL,"5/22/2021 5 a.m. PDT",3254,23,2147,871,89,8716,628,2282
CAL,"5/22/2021 6 a.m. PDT",3459,408,2050,788,87,7956,627,2280
CAL,"5/22/2021 7 a.m. PDT",3506,5313,1456,769,89,6293,625,2282
CAL,"5/22/2021 8 a.m. PDT",3275,8721,970,648,88,5241,610,2283
CAL,"5/22/2021 9 a.m. PDT",2925,9768,545,626,88,5235,593,2282
CAL,"5/22/2021 10 a.m. PDT",2525,9548,521,554,88,5018,598,2282
CAL,"5/22/2021 11 a.m. PDT",2659,9413,532,564,88,5069,597,2282
CAL,"5/22/2021 12 p.m. PDT",2799,9261,455,547,87,4807,604,2282
CAL,"5/22/2021 1 p.m. PDT",2585,9139,590,741,88,4663,600,2281
CAL,"5/22/2021 2 p.m. PDT",2627,9608,607,747,87,4758,595,2281
CAL,"5/22/2021 3 p.m. PDT",3282,9020,712,652,87,5230,597,2283
CAL,"5/22/2021 4 p.m. PDT",4076,8597,1131,583,88,5189,587,2281
CAL,"5/22/2021 5 p.m. PDT",4718,7543,1658,697,87,5842,590,2281
CAL,"5/22/2021 6 p.m. PDT",4430,7141,1875,708,88,7156,596,2282
CAL,"5/22/2021 7 p.m. PDT",4314,2331,3510,923,88,7736,636,2282
CAL,"5/22/2021 8 p.m. PDT",3402,1845,4571,939,88,9395,723,2283
CAL,"5/22/2021 9 p.m. PDT",3116,26,4652,933,88,9711,780,2281
CAL,"5/22/2021 10 p.m. PDT",3279,25,4304,899,89,9289,784,2282
CAL,"5/22/2021 11 p.m. PDT",3255,25,3822,762,89,8776,766,2281
CAL,"5/23/2021 12 a.m. PDT",3573,25,2955,762,88,7914,731,2282
CAL,"5/23/2021 1 a.m. PDT",4169,25,2643,701,88,6869,691,2281
CAL,"5/23/2021 2 a.m. PDT",4077,25,2247,739,88,6502,664,2280
CAL,"5/23/2021 3 a.m. PDT",3309,25,2208,751,88,6579,631,2282
CAL,"5/23/2021 4 a.m. PDT",3324,23,2186,753,88,6500,619,2282
CAL,"5/23/2021 5 a.m. PDT",2742,23,2202,724,89,6993,618,2282
CAL,"5/23/2021 6 a.m. PDT",3020,522,2312,699,88,6190,619,2280
CAL,"5/23/2021 7 a.m. PDT",2685,5596,1812,666,88,3824,616,2283
CAL,"5/23/2021 8 a.m. PDT",2724,7508,844,602,88,4127,596,2281
CAL,"5/23/2021 9 a.m. PDT",2606,8626,823,592,87,3984,596,2280
CAL,"5/23/2021 10 a.m. PDT",2533,8543,862,581,76,3788,595,2281
CAL,"5/23/2021 11 a.m. PDT",2639,8813,743,571,76,3845,594,2282
CAL,"5/23/2021 12 p.m. PDT",2408,8978,777,573,75,3829,593,2282
CAL,"5/23/2021 1 p.m. PDT",2279,9163,663,755,77,3848,593,2283
CAL,"5/23/2021 2 p.m. PDT",2301,9140,818,587,87,3743,592,2281
CAL,"5/23/2021 3 p.m. PDT",2546,9537,878,631,87,3693,595,2283
CAL,"5/23/2021 4 p.m. PDT",2877,9089,1145,675,86,4105,591,2281
CAL,"5/23/2021 5 p.m. PDT",2964,8445,1241,669,87,5451,596,2283
CAL,"5/23/2021 6 p.m. PDT",3172,7458,2031,586,88,5918,608,2283
CAL,"5/23/2021 7 p.m. PDT",3586,2689,3501,874,88,7519,656,2281
CAL,"5/23/2021 8 p.m. PDT",3792,96,4449,846,88,8788,705,2280
CAL,"5/23/2021 9 p.m. PDT",3671,23,4288,863,88,9036,756,2280
CAL,"5/23/2021 10 p.m. PDT",3466,24,3688,823,88,8000,763,2280
CAL,"5/23/2021 11 p.m. PDT",3119,24,3035,805,89,7582,748,2280
CAL,"5/24/2021 12 a.m. PDT",3006,24,2720,703,88,6591,706,2279
CAL,"5/24/2021 1 a.m. PDT",3006,24,1902,750,88,5881,663,2279
CAL,"5/24/2021 2 a.m. PDT",3007,24,1860,738,88,5769,628,2280
CAL,"5/24/2021 3 a.m. PDT",2934,24,1868,738,88,5670,616,2279
CAL,"5/24/2021 4 a.m. PDT",2904,24,1871,737,88,5786,615,2277
CAL,"5/24/2021 5 a.m. PDT",2574,24,2278,808,88,6480,625,2280
CAL,"5/24/2021 6 a.m. PDT",1914,534,2388,774,88,7049,657,2281
CAL,"5/24/2021 7 a.m. PDT",1364,5723,2293,760,87,5258,661,2280
CAL,"5/24/2021 8 a.m. PDT",1240,10326,1895,632,88,4798,628,2280
CAL,"5/24/2021 9 a.m. PDT",963,11653,1571,614,87,4557,620,2281
CAL,"5/24/2021 10 a.m. PDT",945,11743,1247,558,84,4880,618,2283
CAL,"5/24/2021 11 a.m. PDT",913,12519,860,614,86,5188,609,2283
CAL,"5/24/2021 12 p.m. PDT",760,13095,1313,592,86,4734,610,2283
CAL,"5/24/2021 1 p.m. PDT",645,13756,1485,571,87,4963,609,2282
CAL,"5/24/2021 2 p.m. PDT",676,13668,1794,577,87,5234,618,2280
CAL,"5/24/2021 3 p.m. PDT",933,13623,1924,667,88,5746,621,2284
CAL,"5/24/2021 4 p.m. PDT",1287,12879,2075,614,87,6523,631,2282
CAL,"5/24/2021 5 p.m. PDT",1994,11868,2346,618,86,7472,654,2283
CAL,"5/24/2021 6 p.m. PDT",2658,8695,2910,570,88,8797,680,2280
CAL,"5/24/2021 7 p.m. PDT",3376,2719,4180,748,88,12073,743,2281
CAL,"5/24/2021 8 p.m. PDT",3778,92,4444,817,88,13272,837,2283
CAL,"5/24/2021 9 p.m. PDT",3779,18,4280,1014,88,12711,873,2282
CAL,"5/24/2021 10 p.m. PDT",4194,21,3650,919,89,11013,882,2280
CAL,"5/24/2021 11 p.m. PDT",4100,20,2989,733,88,9018,814,2282
CAL,"5/25/2021 12 a.m. PDT",4080,21,2337,848,88,9145,744,2282
CAL,"5/25/2021 1 a.m. PDT",4267,400,1906,710,88,8369,678,2281
CAL,"5/25/2021 2 a.m. PDT",4101,364,1641,635,88,8178,628,2280
CAL,"5/25/2021 3 a.m. PDT",4183,345,1568,670,88,7815,605,2279
CAL,"5/25/2021 4 a.m. PDT",4181,319,1494,719,88,7731,606,2279
CAL,"5/25/2021 5 a.m. PDT",3988,319,1965,750,89,7841,606,2279
CAL,"5/25/2021 6 a.m. PDT",3809,890,2046,735,88,8295,607,2278
CAL,"5/25/2021 7 a.m. PDT",3487,6066,1880,727,87,6860,607,2279
CAL,"5/25/2021 8 a.m. PDT",3371,9778,1831,626,88,5802,607,2280
CAL,"5/25/2021 9 a.m. PDT",3328,11356,1358,600,87,5983,609,2281
CAL,"5/25/2021 10 a.m. PDT",3157,12366,954,608,87,5908,606,2282
CAL,"5/25/2021 11 a.m. PDT",3212,13248,567,611,87,6913,611,2281
CAL,"5/25/2021 12 p.m. PDT",2913,13469,489,612,88,7040,619,2280
CAL,"5/25/2021 1 p.m. PDT",2656,14439,1145,626,87,6987,654,2280
CAL,"5/25/2021 2 p.m. PDT",2820,12122,1458,902,88,6425,754,2280
CAL,"5/25/2021 3 p.m. PDT",3316,12849,1185,867,87,7293,795,2281
CAL,"5/25/2021 4 p.m. PDT",3720,11325,1862,650,87,8161,697,2276
CAL,"5/25/2021 5 p.m. PDT",4242,9624,2638,594,88,9047,666,2277
CAL,"5/25/2021 6 p.m. PDT",4063,6126,3451,847,87,10639,669,2279
CAL,"5/25/2021 7 p.m. PDT",3788,2467,4458,734,86,12515,787,2281
CAL,"5/25/2021 8 p.m. PDT",3703,720,4593,823,87,14254,942,2280
CAL,"5/25/2021 9 p.m. PDT",3585,621,3918,853,87,14047,940,2280
CAL,"5/25/2021 10 p.m. PDT",3399,582,2871,850,88,12813,928,2281
CAL,"5/25/2021 11 p.m. PDT",3691,530,2658,755,88,11464,1010,2284
CAL,"5/26/2021 12 a.m. PDT",3950,476,2012,690,87,10748,840,2281
CAL,"5/26/2021 1 a.m. PDT",4008,20,1471,670,88,9579,770,2280
CAL,"5/26/2021 2 a.m. PDT",3816,20,1084,649,88,9011,697,2277
CAL,"5/26/2021 3 a.m. PDT",3555,20,1062,671,88,8962,632,2279
CAL,"5/26/2021 4 a.m. PDT",3615,18,1180,636,88,8947,614,2277
CAL,"5/26/2021 5 a.m. PDT",3375,16,1468,775,89,9548,612,2278
CAL,"5/26/2021 6 a.m. PDT",3036,204,2298,737,88,9632,612,2277
CAL,"5/26/2021 7 a.m. PDT",2643,2927,2064,687,87,9777,693,2278
CAL,"5/26/2021 8 a.m. PDT",2165,7705,1569,744,87,8584,698,2280
CAL,"5/26/2021 9 a.m. PDT",1444,11005,1137,683,88,7458,655,2279
CAL,"5/26/2021 10 a.m. PDT",1095,12210,791,607,88,7155,638,2278
CAL,"5/26/2021 11 a.m. PDT",1015,12713,875,606,87,7321,630,2280
CAL,"5/26/2021 12 p.m. PDT",977,13104,845,616,88,7512,623,2279
CAL,"5/26/2021 1 p.m. PDT",1225,13104,1141,611,87,7477,623,2278
CAL,"5/26/2021 2 p.m. PDT",1581,12991,1569,845,88,7328,624,2277
CAL,"5/26/2021 3 p.m. PDT",2377,12911,1743,580,87,7633,632,2277
CAL,"5/26/2021 4 p.m. PDT",2799,12413,1844,585,87,8963,638,2278
CAL,"5/26/2021 5 p.m. PDT",3404,11579,2246,703,87,9292,655,2276
CAL,"5/26/2021 6 p.m. PDT",3751,8917,2763,622,87,10065,709,2277
CAL,"5/26/2021 7 p.m. PDT",4065,2846,4152,687,87,12833,803,2278
CAL,"5/26/2021 8 p.m. PDT",4326,2378,4256,717,88,13923,1017,2278
CAL,"5/26/2021 9 p.m. PDT",4560,15,3964,699,87,13239,1061,2279
CAL,"5/26/2021 10 p.m. PDT",4503,18,3189,667,88,12720,970,2277
CAL,"5/26/2021 11 p.m. PDT",4468,19,2394,729,88,11388,900,2279
CAL,"5/27/2021 12 a.m. PDT",4810,19,1636,776,88,10106,860,2275
CAL,"5/27/2021 1 a.m. PDT",4935,19,1349,732,87,8662,778,2266
CAL,"5/27/2021 2 a.m. PDT",4834,20,1272,641,87,8053,701,2111
CAL,"5/27/2021 3 a.m. PDT",4929,18,1304,660,89,7628,653,1943
CAL,"5/27/2021 4 a.m. PDT",4610,18,761,668,88,8771,626,1777
CAL,"5/27/2021 5 a.m. PDT",4567,16,1078,706,88,9268,620,1658
CAL,"5/27/2021 6 a.m. PDT",4525,602,1886,748,87,9118,618,1606
CAL,"5/27/2021 7 a.m. PDT",4269,5766,1095,740,88,8177,617,1607
CAL,"5/27/2021 8 a.m. PDT",3709,10687,274,685,87,7520,615,1609
CAL,"5/27/2021 9 a.m. PDT",3618,12592,152,602,88,6942,611,1611
CAL,"5/27/2021 10 a.m. PDT",3109,13562,249,598,87,6607,611,1611
CAL,"5/27/2021 11 a.m. PDT",2360,14068,298,584,88,6603,601,1612
CAL,"5/27/2021 12 p.m. PDT",1992,14201,329,586,87,6412,596,1615
CAL,"5/27/2021 1 p.m. PDT",2329,14213,339,592,88,7031,596,1617
CAL,"5/27/2021 2 p.m. PDT",2936,14118,445,605,87,6880,605,1615
CAL,"5/27/2021 3 p.m. PDT",3600,13829,826,586,87,6953,606,1611
CAL,"5/27/2021 4 p.m. PDT",4414,13082,972,599,88,7261,615,1612
CAL,"5/27/2021 5 p.m. PDT",4974,11985,1683,694,88,8401,636,1613
CAL,"5/27/2021 6 p.m. PDT",5087,8959,1994,623,88,9225,657,1613
CAL,"5/27/2021 7 p.m. PDT",5312,2812,3005,798,88,11466,723,1611
CAL,"5/27/2021 8 p.m. PDT",5263,102,3826,796,88,12762,813,1612
CAL,"5/27/2021 9 p.m. PDT",5485,17,3144,899,88,12455,855,1612
CAL,"5/27/2021 10 p.m. PDT",5481,19,2681,875,88,11454,856,1615
CAL,"5/27/2021 11 p.m. PDT",5599,19,1874,740,88,9926,811,1616
CAL,"5/28/2021 12 a.m. PDT",5478,19,1553,655,88,8658,750,1617
CAL,"5/28/2021 1 a.m. PDT",5254,21,1437,732,87,7862,695,1617
CAL,"5/28/2021 2 a.m. PDT",4876,19,839,620,88,7770,645,1616
CAL,"5/28/2021 3 a.m. PDT",4878,19,841,612,88,7676,617,1613
CAL,"5/28/2021 4 a.m. PDT",5023,17,917,670,87,7074,611,1612
CAL,"5/28/2021 5 a.m. PDT",5023,16,1082,730,87,7269,613,1642
CAL,"5/28/2021 6 a.m. PDT",4720,583,1371,717,88,7949,612,1688
CAL,"5/28/2021 7 a.m. PDT",4224,5431,584,734,87,7504,612,1814
CAL,"5/28/2021 8 a.m. PDT",3893,10045,189,607,87,6751,614,1962
CAL,"5/28/2021 9 a.m. PDT",3213,11781,199,593,87,6319,612,2112
CAL,"5/28/2021 10 a.m. PDT",2543,12498,220,586,87,6768,610,2246
CAL,"5/28/2021 11 a.m. PDT",2231,13071,84,577,87,6911,607,2270
CAL,"5/28/2021 12 p.m. PDT",2135,13185,403,581,41,6359,605,2279
CAL,"5/28/2021 1 p.m. PDT",2036,13190,470,583,40,6490,602,2281
CAL,"5/28/2021 2 p.m. PDT",2254,12941,689,607,41,6656,603,2271
CAL,"5/28/2021 3 p.m. PDT",2517,12634,1259,588,39,6664,602,2275
CAL,"5/28/2021 4 p.m. PDT",3208,11932,1485,552,39,7134,619,2277
CAL,"5/28/2021 5 p.m. PDT",4239,10082,1744,558,39,8951,635,2278
CAL,"5/28/2021 6 p.m. PDT",4646,8353,2001,608,38,9364,676,2276
CAL,"5/28/2021 7 p.m. PDT",4796,2676,3530,800,39,11416,754,2276
CAL,"5/28/2021 8 p.m. PDT",5094,94,4132,1003,39,12051,842,2276
CAL,"5/28/2021 9 p.m. PDT",5075,15,3585,980,39,11774,886,2279
CAL,"5/28/2021 10 p.m. PDT",5007,18,3101,856,40,11110,874,2275
CAL,"5/28/2021 11 p.m. PDT",5010,19,2387,693,41,10513,820,2275
CAL,"5/29/2021 12 a.m. PDT",5037,19,1884,690,40,10051,758,2276
CAL,"5/29/2021 1 a.m. PDT",5063,19,1239,785,40,9355,700,2278
CAL,"5/29/2021 2 a.m. PDT",4925,19,1140,625,41,9048,648,2278
CAL,"5/29/2021 3 a.m. PDT",5024,15,960,632,40,8143,616,2282
CAL,"5/29/2021 4 a.m. PDT",4799,16,1008,735,40,8083,613,2281
CAL,"5/29/2021 5 a.m. PDT",4826,17,1102,686,41,8012,617,2279
CAL,"5/29/2021 6 a.m. PDT",4760,488,1011,739,41,7764,612,2276
CAL,"5/29/2021 7 a.m. PDT",4467,4794,856,670,41,6213,610,2277
CAL,"5/29/2021 8 a.m. PDT",4284,9382,853,609,42,5008,598,2279
CAL,"5/29/2021 9 a.m. PDT",4237,11434,823,602,41,4931,599,2278
CAL,"5/29/2021 10 a.m. PDT",4019,12419,490,584,41,5362,602,2279
CAL,"5/29/2021 11 a.m. PDT",3482,13096,359,592,39,5230,604,2279
CAL,"5/29/2021 12 p.m. PDT",3408,13446,354,598,40,5178,605,2278
CAL,"5/29/2021 1 p.m. PDT",3624,13678,324,605,40,5146,597,2276
CAL,"5/29/2021 2 p.m. PDT",4020,13646,376,604,40,5279,602,2277
CAL,"5/29/2021 3 p.m. PDT",4306,13495,570,556,39,5501,602,2279
CAL,"5/29/2021 4 p.m. PDT",4497,12965,653,578,39,6193,613,2277
CAL,"5/29/2021 5 p.m. PDT",4682,11637,1043,570,39,7118,618,2277
CAL,"5/29/2021 6 p.m. PDT",4809,8511,2008,622,39,7625,638,2278
CAL,"5/29/2021 7 p.m. PDT",5191,2807,3284,738,38,8021,690,2278
CAL,"5/29/2021 8 p.m. PDT",5239,110,3846,738,38,9657,762,2277
CAL,"5/29/2021 9 p.m. PDT",5423,15,3464,750,37,9588,815,2278
CAL,"5/29/2021 10 p.m. PDT",5486,19,2989,812,48,9350,819,2277
CAL,"5/29/2021 11 p.m. PDT",5357,17,2228,864,75,8606,800,2275
CAL,"5/30/2021 12 a.m. PDT",5002,18,1871,953,88,8084,761,2275
CAL,"5/30/2021 1 a.m. PDT",4883,1162,1670,814,88,7647,708,2278
CAL,"5/30/2021 2 a.m. PDT",4602,17,1611,756,87,7001,674,2277
CAL,"5/30/2021 3 a.m. PDT",4066,16,1456,686,83,6975,637,2277
CAL,"5/30/2021 4 a.m. PDT",3681,16,1495,722,82,6890,612,2278
CAL,"5/30/2021 5 a.m. PDT",3344,16,1555,702,83,6864,613,2278
CAL,"5/30/2021 6 a.m. PDT",3079,596,1858,816,83,6177,612,2277
CAL,"5/30/2021 7 a.m. PDT",2403,5546,1161,805,83,5521,607,2278
CAL,"5/30/2021 8 a.m. PDT",1916,10334,864,638,83,4792,605,2278
CAL,"5/30/2021 9 a.m. PDT",1368,12361,863,601,83,4804,605,2281
CAL,"5/30/2021 10 a.m. PDT",970,13023,848,594,74,4689,606,2278
CAL,"5/30/2021 11 a.m. PDT",1021,13711,698,598,83,4867,607,2280
CAL,"5/30/2021 12 p.m. PDT",1021,13763,686,588,83,4678,606,2279
CAL,"5/30/2021 1 p.m. PDT",1154,13956,710,587,82,4665,605,2279
CAL,"5/30/2021 2 p.m. PDT",1136,13833,883,644,82,5053,606,2278
CAL,"5/30/2021 3 p.m. PDT",2187,13395,1058,634,82,5410,609,2280
CAL,"5/30/2021 4 p.m. PDT",3363,12163,1148,634,81,6041,611,2282
CAL,"5/30/2021 5 p.m. PDT",3430,11137,1775,569,82,7014,619,2280
CAL,"5/30/2021 6 p.m. PDT",3697,7942,2512,790,81,7968,705,2279
CAL,"5/30/2021 7 p.m. PDT",4112,2537,3599,991,81,10807,807,2279
CAL,"5/30/2021 8 p.m. PDT",4248,148,3935,870,82,11385,923,2280
CAL,"5/30/2021 9 p.m. PDT",4250,32,3804,909,81,11286,921,2279
CAL,"5/30/2021 10 p.m. PDT",3953,35,3091,745,80,11140,910,2280
CAL,"5/30/2021 11 p.m. PDT",3909,35,2239,717,81,9953,926,2280
CAL,"5/31/2021 12 a.m. PDT",3793,35,1802,812,81,9664,825,2279
CAL,"5/31/2021 1 a.m. PDT",3686,35,1468,771,81,8412,780,2277
CAL,"5/31/2021 2 a.m. PDT",3626,18,1164,711,81,8075,719,2275
CAL,"5/31/2021 3 a.m. PDT",3075,17,1156,650,81,7902,677,2277
CAL,"5/31/2021 4 a.m. PDT",2422,16,1248,681,82,7874,642,2278
CAL,"5/31/2021 5 a.m. PDT",2209,14,1292,720,81,8055,613,2277
CAL,"5/31/2021 6 a.m. PDT",1618,606,1532,742,81,7802,610,2277
CAL,"5/31/2021 7 a.m. PDT",1215,5495,1357,716,81,7341,614,2278
CAL,"5/31/2021 8 a.m. PDT",731,10338,750,593,81,6000,614,2280
CAL,"5/31/2021 9 a.m. PDT",555,12392,680,582,82,6003,609,2279
CAL,"5/31/2021 10 a.m. PDT",656,13263,709,575,82,6233,609,2278
CAL,"5/31/2021 11 a.m. PDT",738,13539,588,571,82,6591,607,2280
CAL,"5/31/2021 12 p.m. PDT",847,13598,1077,574,82,6530,608,2279
CAL,"5/31/2021 1 p.m. PDT",509,13918,1179,571,82,7460,615,2279
CAL,"5/31/2021 2 p.m. PDT",451,13505,1583,590,82,8402,610,2280
CAL,"5/31/2021 3 p.m. PDT",634,12747,1935,590,81,10081,607,2280
CAL,"5/31/2021 4 p.m. PDT",1014,11269,2253,612,81,12281,627,2278
CAL,"5/31/2021 5 p.m. PDT",1437,9912,2676,618,81,13210,919,2278
CAL,"5/31/2021 6 p.m. PDT",1942,6958,3740,830,81,14120,1054,2279
CAL,"5/31/2021 7 p.m. PDT",1993,2441,4573,871,81,16816,1193,2278
CAL,"5/31/2021 8 p.m. PDT",2488,77,5066,783,81,17569,1496,2278
CAL,"5/31/2021 9 p.m. PDT",2636,14,4706,723,81,16118,1711,2278
CAL,"5/31/2021 10 p.m. PDT",2977,17,3782,908,83,14581,1680,2276
CAL,"5/31/2021 11 p.m. PDT",3030,18,3071,757,85,13088,1616,2278
CAL,"6/1/2021 12 a.m. PDT",3260,18,1922,929,87,11684,1315,2276
CAL,"6/1/2021 1 a.m. PDT",3141,17,1573,938,87,11882,1029,2277
CAL,"6/1/2021 2 a.m. PDT",2918,17,1334,698,87,10783,828,2277
CAL,"6/1/2021 3 a.m. PDT",2472,16,1301,622,87,10793,807,2277
CAL,"6/1/2021 4 a.m. PDT",2036,16,1350,688,87,10641,793,2278
CAL,"6/1/2021 5 a.m. PDT",1816,15,1506,689,87,11159,782,2279
CAL,"6/1/2021 6 a.m. PDT",1719,583,1866,828,87,11772,790,2275
CAL,"6/1/2021 7 a.m. PDT",1451,5531,1666,817,87,10549,861,2275
CAL,"6/1/2021 8 a.m. PDT",1056,10283,1334,605,62,9867,787,2275
CAL,"6/1/2021 9 a.m. PDT",681,12209,936,596,53,10576,732,2276
CAL,"6/1/2021 10 a.m. PDT",503,13084,714,588,54,10353,691,2274
CAL,"6/1/2021 11 a.m. PDT",547,13751,685,588,54,11071,654,2274
CAL,"6/1/2021 12 p.m. PDT",849,13663,1146,594,55,11557,689,2275
CAL,"6/1/2021 1 p.m. PDT",970,13860,1843,597,54,12737,926,2275
CAL,"6/1/2021 2 p.m. PDT",1249,13557,1737,650,53,13978,1010,2275
CAL,"6/1/2021 3 p.m. PDT",1462,12113,2453,672,55,16300,1153,2276
CAL,"6/1/2021 4 p.m. PDT",1848,11998,2700,635,55,17384,1456,2277
CAL,"6/1/2021 5 p.m. PDT",2154,10365,3266,633,55,18244,1675,2276
CAL,"6/1/2021 6 p.m. PDT",2210,6894,3914,885,54,20017,1694,2275
CAL,"6/1/2021 7 p.m. PDT",2751,2068,4771,1148,53,22737,1758,2277
CAL,"6/1/2021 8 p.m. PDT",2804,150,5128,1052,53,22278,1754,2276
CAL,"6/1/2021 9 p.m. PDT",3067,17,4548,1287,53,21129,1746,2276
CAL,"6/1/2021 10 p.m. PDT",3726,17,3720,802,54,17656,1747,2276
CAL,"6/1/2021 11 p.m. PDT",3878,19,2763,847,53,15541,1669,2275
CAL,"6/2/2021 12 a.m. PDT",4012,19,2173,718,54,13706,1383,2275
CAL,"6/2/2021 1 a.m. PDT",4052,18,1714,651,54,11765,1057,2275
CAL,"6/2/2021 2 a.m. PDT",4186,18,1341,675,54,11403,899,2274
CAL,"6/2/2021 3 a.m. PDT",3849,17,1329,596,54,11276,783,2273
CAL,"6/2/2021 4 a.m. PDT",3600,17,1343,596,54,11160,694,2273
CAL,"6/2/2021 5 a.m. PDT",3751,14,1456,663,54,11232,639,2273
CAL,"6/2/2021 6 a.m. PDT",3721,522,2006,700,54,11606,680,2272
CAL,"6/2/2021 7 a.m. PDT",3319,5341,1883,728,55,11745,737,2272
CAL,"6/2/2021 8 a.m. PDT",3047,10104,1020,599,55,11042,791,2273
CAL,"6/2/2021 9 a.m. PDT",2729,11779,792,565,79,11222,807,2274
CAL,"6/2/2021 10 a.m. PDT",2160,13018,1069,561,86,10223,756,2275
CAL,"6/2/2021 11 a.m. PDT",1782,13504,1261,559,86,10607,735,2275
CAL,"6/2/2021 12 p.m. PDT",1959,13623,1551,572,87,11065,757,2276
CAL,"6/2/2021 1 p.m. PDT",2415,13714,1736,596,87,11988,934,2275
CAL,"6/2/2021 2 p.m. PDT",2862,13278,1778,670,85,13078,996,2276
CAL,"6/2/2021 3 p.m. PDT",3096,12865,2314,610,85,14620,1064,2276
CAL,"6/2/2021 4 p.m. PDT",3371,11784,2856,609,85,15549,1114,2278
CAL,"6/2/2021 5 p.m. PDT",3630,11358,3640,607,86,16812,1113,2278
CAL,"6/2/2021 6 p.m. PDT",4024,8475,3911,642,85,18854,941,2278
CAL,"6/2/2021 7 p.m. PDT",3919,2942,4548,1052,85,21311,1069,2278
CAL,"6/2/2021 8 p.m. PDT",4174,164,4731,812,86,21588,1474,2278
CAL,"6/2/2021 9 p.m. PDT",4640,76,4033,862,85,20304,1702,2280
CAL,"6/2/2021 10 p.m. PDT",4673,24,2975,799,85,17416,1704,2277
CAL,"6/2/2021 11 p.m. PDT",4507,24,2917,851,87,14402,1451,2277
CAL,"6/3/2021 12 a.m. PDT",4447,24,2412,724,87,12316,1151,2277
CAL,"6/3/2021 1 a.m. PDT",4330,24,1795,681,87,10426,858,2278
CAL,"6/3/2021 2 a.m. PDT",4283,24,1465,586,87,9440,766,2277
CAL,"6/3/2021 3 a.m. PDT",4075,24,1292,616,86,8452,725,2277
CAL,"6/3/2021 4 a.m. PDT",4224,24,1359,597,87,8096,645,2277
CAL,"6/3/2021 5 a.m. PDT",3790,23,1379,651,86,9080,624,2277
CAL,"6/3/2021 6 a.m. PDT",3458,503,1290,767,87,10399,638,2276
CAL,"6/3/2021 7 a.m. PDT",2970,5323,1122,691,87,10496,685,2278
CAL,"6/3/2021 8 a.m. PDT",2569,9989,436,644,87,10365,682,2276
CAL,"6/3/2021 9 a.m. PDT",1930,11837,408,539,86,10124,652,2275
CAL,"6/3/2021 10 a.m. PDT",1403,12776,706,531,87,9989,639,2274
CAL,"6/3/2021 11 a.m. PDT",1304,13297,514,532,85,10477,642,2275
CAL,"6/3/2021 12 p.m. PDT",1126,13529,883,525,86,11289,646,2277
CAL,"6/3/2021 1 p.m. PDT",1146,13300,1153,543,86,11249,719,2276
CAL,"6/3/2021 2 p.m. PDT",1593,12892,1466,604,86,12012,1032,2275
CAL,"6/3/2021 3 p.m. PDT",2323,13171,1130,563,84,13560,1014,2275
CAL,"6/3/2021 4 p.m. PDT",2497,12457,2005,567,86,14954,924,2277
CAL,"6/3/2021 5 p.m. PDT",2762,11221,2499,575,86,16081,1042,2277
CAL,"6/3/2021 6 p.m. PDT",2799,8482,3395,671,86,17502,1097,2276
CAL,"6/3/2021 7 p.m. PDT",3150,3033,4475,906,86,19829,1360,2278
CAL,"6/3/2021 8 p.m. PDT",3857,136,4584,967,86,19376,1648,2277
CAL,"6/3/2021 9 p.m. PDT",4127,39,4055,873,85,19060,1686,2276
CAL,"6/3/2021 10 p.m. PDT",4369,42,3481,623,85,16915,1658,2277
CAL,"6/3/2021 11 p.m. PDT",4339,44,2577,664,86,14492,1362,2277
CAL,"6/4/2021 12 a.m. PDT",4494,44,1850,656,86,12687,1056,2278
CAL,"6/4/2021 1 a.m. PDT",4451,44,1657,585,86,10587,834,2277
CAL,"6/4/2021 2 a.m. PDT",4412,44,1533,731,86,9355,797,2275
CAL,"6/4/2021 3 a.m. PDT",4028,44,1439,698,85,9072,702,2275
CAL,"6/4/2021 4 a.m. PDT",3853,24,1454,724,86,8767,644,2276
CAL,"6/4/2021 5 a.m. PDT",3271,23,1532,780,86,9412,638,2278
CAL,"6/4/2021 6 a.m. PDT",2984,478,1633,974,86,9965,638,2276
CAL,"6/4/2021 7 a.m. PDT",2648,5255,1315,986,85,9944,645,2277
CAL,"6/4/2021 8 a.m. PDT",2387,9918,993,588,86,8935,631,2276
CAL,"6/4/2021 9 a.m. PDT",1784,12033,468,567,86,9216,629,2277
CAL,"6/4/2021 10 a.m. PDT",1574,12924,416,666,86,9233,619,2276
CAL,"6/4/2021 11 a.m. PDT",1539,13376,743,673,86,9080,604,2276
CAL,"6/4/2021 12 p.m. PDT",1915,13639,761,671,86,8782,604,2273
CAL,"6/4/2021 1 p.m. PDT",2496,13707,644,669,86,8900,603,2273
CAL,"6/4/2021 2 p.m. PDT",2663,13664,1059,761,86,9499,630,2275
CAL,"6/4/2021 3 p.m. PDT",3258,13349,1983,721,85,9836,662,2275
CAL,"6/4/2021 4 p.m. PDT",3509,12563,2250,620,85,10833,648,2275
CAL,"6/4/2021 5 p.m. PDT",4085,11428,2669,629,85,12263,720,2274
CAL,"6/4/2021 6 p.m. PDT",4377,8696,3467,607,85,13703,773,2274
CAL,"6/4/2021 7 p.m. PDT",4579,3177,4398,948,85,15626,847,2275
CAL,"6/4/2021 8 p.m. PDT",4716,150,4694,942,85,16197,1101,2276
CAL,"6/4/2021 9 p.m. PDT",4696,52,4542,981,85,15419,1304,2274
CAL,"6/4/2021 10 p.m. PDT",4519,41,3263,1110,84,14484,1299,2274
CAL,"6/4/2021 11 p.m. PDT",4799,43,2276,1060,85,12490,1108,2275
CAL,"6/5/2021 12 a.m. PDT",4860,43,2007,1039,86,10900,876,2275
CAL,"6/5/2021 1 a.m. PDT",4681,43,1672,631,87,8804,847,2275
CAL,"6/5/2021 2 a.m. PDT",4201,43,1630,609,86,8052,769,2276
CAL,"6/5/2021 3 a.m. PDT",4177,23,1681,726,64,7419,644,2276
CAL,"6/5/2021 4 a.m. PDT",3879,23,1827,744,65,7093,627,2275
CAL,"6/5/2021 5 a.m. PDT",3853,23,1724,786,85,6856,628,2274
CAL,"6/5/2021 6 a.m. PDT",3844,592,1566,984,83,6965,626,2274
CAL,"6/5/2021 7 a.m. PDT",3969,5441,1362,598,84,5602,615,2276
CAL,"6/5/2021 8 a.m. PDT",3586,9515,983,555,85,4986,613,2275
CAL,"6/5/2021 9 a.m. PDT",3152,10650,1085,558,85,4634,611,2278
CAL,"6/5/2021 10 a.m. PDT",2836,12058,1018,556,71,4600,612,2276
CAL,"6/5/2021 11 a.m. PDT",2153,13341,1260,538,85,4579,610,2277
CAL,"6/5/2021 12 p.m. PDT",1962,13611,1071,369,85,4731,609,2275
CAL,"6/5/2021 1 p.m. PDT",2000,13564,1009,363,72,4979,614,2275
CAL,"6/5/2021 2 p.m. PDT",2585,13619,1375,465,55,5132,615,2274
CAL,"6/5/2021 3 p.m. PDT",3570,13244,1751,395,57,5658,623,2272
CAL,"6/5/2021 4 p.m. PDT",4049,12680,1888,391,64,7577,626,2271
CAL,"6/5/2021 5 p.m. PDT",4515,11272,2323,409,84,8573,633,2272
CAL,"6/5/2021 6 p.m. PDT",4863,8498,3310,771,86,10091,670,2271
CAL,"6/5/2021 7 p.m. PDT",4822,3013,4615,1089,86,12706,740,2274
CAL,"6/5/2021 8 p.m. PDT",4977,170,4855,1074,85,13660,830,2272
CAL,"6/5/2021 9 p.m. PDT",4837,39,4516,1112,85,13343,864,2274
CAL,"6/5/2021 10 p.m. PDT",4594,39,3878,729,86,12637,878,2273
CAL,"6/5/2021 11 p.m. PDT",4534,26,2683,685,86,11461,841,2275
CAL,"6/6/2021 12 a.m. PDT",4778,26,2132,629,86,9580,762,2274
CAL,"6/6/2021 1 a.m. PDT",4810,26,1762,611,88,8064,658,2275
CAL,"6/6/2021 2 a.m. PDT",4496,26,1624,572,83,6771,680,2274
CAL,"6/6/2021 3 a.m. PDT",4218,26,1720,521,84,5605,672,2275
CAL,"6/6/2021 4 a.m. PDT",4023,25,1626,650,83,5256,686,2277
CAL,"6/6/2021 5 a.m. PDT",3944,24,1632,644,83,5589,779,2274
CAL,"6/6/2021 6 a.m. PDT",3437,638,1668,567,84,4612,697,2273
CAL,"6/6/2021 7 a.m. PDT",3115,5641,1314,619,84,4261,625,2274
CAL,"6/6/2021 8 a.m. PDT",2347,10094,841,562,85,4866,617,2273
CAL,"6/6/2021 9 a.m. PDT",2495,11803,895,493,83,4503,606,2274
CAL,"6/6/2021 10 a.m. PDT",2681,12731,809,492,82,4469,606,2270
CAL,"6/6/2021 11 a.m. PDT",2925,13622,819,498,83,4507,604,2270
CAL,"6/6/2021 12 p.m. PDT",3250,13609,843,506,83,4166,603,2271
CAL,"6/6/2021 1 p.m. PDT",3821,13945,1067,506,83,4161,602,2269
CAL,"6/6/2021 2 p.m. PDT",4307,13908,870,513,82,4477,601,2267
CAL,"6/6/2021 3 p.m. PDT",4522,13228,1464,464,83,4230,605,2267
CAL,"6/6/2021 4 p.m. PDT",4839,12799,1564,463,83,5644,608,2269
CAL,"6/6/2021 5 p.m. PDT",4983,11692,2097,476,83,6436,611,2268
CAL,"6/6/2021 6 p.m. PDT",5439,8922,2782,845,82,7455,650,2266
CAL,"6/6/2021 7 p.m. PDT",4965,3283,4001,661,83,9821,722,2267
CAL,"6/6/2021 8 p.m. PDT",4667,131,4429,1137,74,10817,788,2267
CAL,"6/6/2021 9 p.m. PDT",4512,26,4350,1215,83,10621,952,2269
CAL,"6/6/2021 10 p.m. PDT",4510,26,3674,823,85,10162,1082,2269
CAL,"6/6/2021 11 p.m. PDT",4938,26,2892,842,86,9040,861,2268
CAL,"6/7/2021 12 a.m. PDT",4811,26,2075,665,86,7527,761,2269
CAL,"6/7/2021 1 a.m. PDT",4684,26,1568,631,88,6413,689,2269
CAL,"6/7/2021 2 a.m. PDT",4630,26,1255,638,88,6557,653,2269
CAL,"6/7/2021 3 a.m. PDT",4489,26,1256,570,83,6672,619,2269
CAL,"6/7/2021 4 a.m. PDT",4323,26,1280,670,83,6349,619,2270
CAL,"6/7/2021 5 a.m. PDT",4276,24,1623,669,83,7058,620,2271
CAL,"6/7/2021 6 a.m. PDT",4051,466,1581,782,83,7352,634,2268
CAL,"6/7/2021 7 a.m. PDT",3683,2932,1603,775,83,7399,683,2266
CAL,"6/7/2021 8 a.m. PDT",3963,6357,1128,595,83,8148,687,2266
CAL,"6/7/2021 9 a.m. PDT",3596,9165,997,578,82,7408,641,2267
CAL,"6/7/2021 10 a.m. PDT",3645,8339,772,517,83,7828,613,2268
CAL,"6/7/2021 11 a.m. PDT",3506,9267,683,547,83,8131,641,2267
CAL,"6/7/2021 12 p.m. PDT",3760,10199,567,571,82,7802,777,2267
CAL,"6/7/2021 1 p.m. PDT",4304,11201,450,540,83,7249,949,2266
CAL,"6/7/2021 2 p.m. PDT",4551,11790,1121,512,83,6518,959,2263
CAL,"6/7/2021 3 p.m. PDT",4565,11744,1182,532,82,6334,961,2265
CAL,"6/7/2021 4 p.m. PDT",4689,11723,1418,533,81,7465,959,2264
CAL,"6/7/2021 5 p.m. PDT",4854,10302,1860,477,82,7904,958,2267
CAL,"6/7/2021 6 p.m. PDT",4990,8221,2301,496,82,8716,1005,2266
CAL,"6/7/2021 7 p.m. PDT",4970,2974,3494,762,83,9035,1066,2268
CAL,"6/7/2021 8 p.m. PDT",4887,142,3359,978,82,10324,1134,2268
CAL,"6/7/2021 9 p.m. PDT",5221,47,3095,897,83,10628,1068,2270
CAL,"6/7/2021 10 p.m. PDT",4987,26,2463,816,85,10418,885,2270
CAL,"6/7/2021 11 p.m. PDT",4826,26,1955,692,85,9665,838,2270
CAL,"6/8/2021 12 a.m. PDT",5165,26,1454,276,85,7954,762,2270
CAL,"6/8/2021 1 a.m. PDT",4511,26,1182,632,85,7159,678,2272
CAL,"6/8/2021 2 a.m. PDT",4490,26,1099,633,85,6686,628,2270
CAL,"6/8/2021 3 a.m. PDT",4256,26,1101,647,85,5625,623,2270
CAL,"6/8/2021 4 a.m. PDT",4067,26,1423,668,85,5776,606,2271
CAL,"6/8/2021 5 a.m. PDT",3955,23,1401,1020,86,6359,649,2272
CAL,"6/8/2021 6 a.m. PDT",4105,697,1715,756,46,6459,661,2270
CAL,"6/8/2021 7 a.m. PDT",4191,5522,1489,753,46,5806,660,2274
CAL,"6/8/2021 8 a.m. PDT",4201,9594,1168,756,46,5502,692,2273
CAL,"6/8/2021 9 a.m. PDT",4380,11279,579,686,46,5968,880,2276
CAL,"6/8/2021 10 a.m. PDT",3687,12281,601,503,57,5869,888,2270
CAL,"6/8/2021 11 a.m. PDT",3428,12846,531,501,85,5791,888,2273
CAL,"6/8/2021 12 p.m. PDT",3469,13176,659,521,87,6114,887,2274
CAL,"6/8/2021 1 p.m. PDT",3422,13316,766,549,87,5453,889,2274
CAL,"6/8/2021 2 p.m. PDT",3794,13006,830,580,87,5428,889,2272
CAL,"6/8/2021 3 p.m. PDT",4195,12674,1004,641,88,5844,889,2273
CAL,"6/8/2021 4 p.m. PDT",4119,12305,1265,595,87,6145,895,2273
CAL,"6/8/2021 5 p.m. PDT",4150,10990,1664,610,88,6637,901,2273
CAL,"6/8/2021 6 p.m. PDT",3999,8472,2061,613,87,7701,836,2272
CAL,"6/8/2021 7 p.m. PDT",3907,3173,3606,786,88,8801,793,2273
CAL,"6/8/2021 8 p.m. PDT",3845,201,4453,1124,88,9813,856,2274
CAL,"6/8/2021 9 p.m. PDT",3534,83,4150,1223,87,10846,930,2275
CAL,"6/8/2021 10 p.m. PDT",3539,25,3391,1012,88,9735,1019,2273
CAL,"6/8/2021 11 p.m. PDT",3314,25,3140,1102,88,8573,712,2276
CAL,"6/9/2021 12 a.m. PDT",3357,25,2454,762,88,8151,584,2276
CAL,"6/9/2021 1 a.m. PDT",3115,25,1796,684,89,7632,575,2276
CAL,"6/9/2021 2 a.m. PDT",2890,25,1855,652,88,6803,573,2273
CAL,"6/9/2021 3 a.m. PDT",2510,25,1852,690,88,6773,572,2272
CAL,"6/9/2021 4 a.m. PDT",2343,25,1990,663,88,6690,637,2271
CAL,"6/9/2021 5 a.m. PDT",2083,24,2350,801,89,6870,621,2273
CAL,"6/9/2021 6 a.m. PDT",2071,546,2359,797,88,7100,678,2274
CAL,"6/9/2021 7 a.m. PDT",1899,4041,2280,980,88,6928,658,2273
CAL,"6/9/2021 8 a.m. PDT",1859,7671,1694,1010,88,5995,655,2273
CAL,"6/9/2021 9 a.m. PDT",1819,10054,1145,972,88,5504,685,2275
CAL,"6/9/2021 10 a.m. PDT",1963,11536,983,622,88,5381,878,2273
CAL,"6/9/2021 11 a.m. PDT",1891,12482,865,633,88,5320,880,2273
CAL,"6/9/2021 12 p.m. PDT",2669,13091,831,646,88,5410,880,2274
CAL,"6/9/2021 1 p.m. PDT",3249,12813,1022,653,88,5500,880,2275
CAL,"6/9/2021 2 p.m. PDT",3906,12623,1147,668,88,5247,881,2275
CAL,"6/9/2021 3 p.m. PDT",4246,12024,1746,623,88,5319,882,2271
CAL,"6/9/2021 4 p.m. PDT",4152,11165,1943,625,88,6172,885,2271
CAL,"6/9/2021 5 p.m. PDT",4753,10168,2199,630,88,6374,885,2274
CAL,"6/9/2021 6 p.m. PDT",4887,7752,2541,631,88,7440,897,2274
CAL,"6/9/2021 7 p.m. PDT",5439,2898,3652,780,89,8160,995,2274
CAL,"6/9/2021 8 p.m. PDT",5237,149,4276,955,88,9398,924,2275
CAL,"6/9/2021 9 p.m. PDT",5320,36,4360,1032,88,10095,698,2276
CAL,"6/9/2021 10 p.m. PDT",4906,24,3772,889,88,9516,612,2273
CAL,"6/9/2021 11 p.m. PDT",5332,24,2851,853,88,8296,574,2274
CAL,"6/10/2021 12 a.m. PDT",5212,24,1860,837,88,7093,591,2274
CAL,"6/10/2021 1 a.m. PDT",5308,24,1663,702,79,5646,613,2276
CAL,"6/10/2021 2 a.m. PDT",5190,24,1655,704,88,4802,610,2273
CAL,"6/10/2021 3 a.m. PDT",5024,24,1460,693,88,5005,604,2275
CAL,"6/10/2021 4 a.m. PDT",4847,24,1549,692,88,4826,606,2274
CAL,"6/10/2021 5 a.m. PDT",4564,23,1893,821,88,5186,607,2275
CAL,"6/10/2021 6 a.m. PDT",4012,533,2129,1006,88,5134,606,2274
CAL,"6/10/2021 7 a.m. PDT",3431,5204,1698,834,88,4876,604,2275
CAL,"6/10/2021 8 a.m. PDT",3465,8967,875,781,89,5101,601,2276
CAL,"6/10/2021 9 a.m. PDT",3303,9751,737,662,88,4871,602,2276
CAL,"6/10/2021 10 a.m. PDT",2909,10184,739,657,88,5105,610,2277
CAL,"6/10/2021 11 a.m. PDT",3025,11111,488,653,88,4925,612,2277
CAL,"6/10/2021 12 p.m. PDT",3008,11253,518,650,88,4947,611,2275
CAL,"6/10/2021 1 p.m. PDT",2562,12215,720,654,88,4890,612,2275
CAL,"6/10/2021 2 p.m. PDT",2810,12855,696,680,88,4988,613,2274
CAL,"6/10/2021 3 p.m. PDT",3012,13148,845,666,88,4914,618,2272
CAL,"6/10/2021 4 p.m. PDT",3295,12557,1209,664,88,5253,624,2274
CAL,"6/10/2021 5 p.m. PDT",4059,11629,1829,667,88,5322,625,2275
CAL,"6/10/2021 6 p.m. PDT",4043,8885,3067,676,88,6091,633,2276
CAL,"6/10/2021 7 p.m. PDT",4255,3407,4330,809,88,7509,684,2276
CAL,"6/10/2021 8 p.m. PDT",4485,199,5534,1332,88,8375,758,2275
CAL,"6/10/2021 9 p.m. PDT",4711,77,4969,1348,88,8557,821,2276
CAL,"6/10/2021 10 p.m. PDT",4466,24,4692,1187,88,7774,835,2276
CAL,"6/10/2021 11 p.m. PDT",4117,14,3169,805,88,7382,789,2280
CAL,"6/11/2021 12 a.m. PDT",4240,14,2562,944,87,6721,726,2279
CAL,"6/11/2021 1 a.m. PDT",4323,24,1988,797,88,6160,683,2277
CAL,"6/11/2021 2 a.m. PDT",3970,24,1961,795,88,5834,650,2277
CAL,"6/11/2021 3 a.m. PDT",4053,24,1981,757,88,5602,627,2277
CAL,"6/11/2021 4 a.m. PDT",4270,24,2064,780,88,5467,626,2277
CAL,"6/11/2021 5 a.m. PDT",4202,23,1883,909,88,6235,634,2278
CAL,"6/11/2021 6 a.m. PDT",3699,713,2313,901,88,6703,668,2276
CAL,"6/11/2021 7 a.m. PDT",3248,5666,1765,889,88,6218,646,2276
CAL,"6/11/2021 8 a.m. PDT",2439,10063,1287,693,88,5346,603,2277
CAL,"6/11/2021 9 a.m. PDT",2114,11697,1126,656,87,5107,599,2278
CAL,"6/11/2021 10 a.m. PDT",1464,12709,1094,657,87,5022,599,2280
CAL,"6/11/2021 11 a.m. PDT",1253,13364,805,672,46,4991,593,2279
CAL,"6/11/2021 12 p.m. PDT",1001,13661,775,675,46,4900,600,2282
CAL,"6/11/2021 1 p.m. PDT",1051,13640,954,676,47,5093,606,2280
CAL,"6/11/2021 2 p.m. PDT",1435,13477,1240,692,46,5053,609,2280
CAL,"6/11/2021 3 p.m. PDT",1977,13427,1648,656,46,5443,619,2281
CAL,"6/11/2021 4 p.m. PDT",3053,12734,1863,660,47,5794,638,2280
CAL,"6/11/2021 5 p.m. PDT",3818,11618,2077,659,47,6372,645,2281
CAL,"6/11/2021 6 p.m. PDT",4119,8961,3323,653,47,7889,666,2280
CAL,"6/11/2021 7 p.m. PDT",4649,3496,4904,913,47,9870,733,2280
CAL,"6/11/2021 8 p.m. PDT",4864,184,5281,1032,46,10506,854,2280
CAL,"6/11/2021 9 p.m. PDT",4879,73,4959,1314,46,10629,925,2282
CAL,"6/11/2021 10 p.m. PDT",4676,24,4332,1158,46,10210,942,2279
CAL,"6/11/2021 11 p.m. PDT",4744,14,3386,1015,46,9181,909,2282
CAL,"6/12/2021 12 a.m. PDT",4704,24,2478,1056,46,8531,848,2281
CAL,"6/12/2021 1 a.m. PDT",4629,24,1923,887,46,8057,839,2281
CAL,"6/12/2021 2 a.m. PDT",4533,24,1953,745,46,7408,767,2279
CAL,"6/12/2021 3 a.m. PDT",4257,24,2066,756,46,6879,670,2280
CAL,"6/12/2021 4 a.m. PDT",4041,24,2106,757,41,6653,657,2280
CAL,"6/12/2021 5 a.m. PDT",3644,24,2083,788,41,6723,671,2280
CAL,"6/12/2021 6 a.m. PDT",3236,714,2095,789,41,7117,654,2280
CAL,"6/12/2021 7 a.m. PDT",2586,5749,2079,677,40,5132,646,2281
CAL,"6/12/2021 8 a.m. PDT",1782,10312,1584,624,42,4710,601,2280
CAL,"6/12/2021 9 a.m. PDT",754,12018,1438,611,42,4562,601,2281
CAL,"6/12/2021 10 a.m. PDT",251,12982,1095,622,42,5096,600,2281
CAL,"6/12/2021 11 a.m. PDT",259,13532,788,613,42,5421,598,2280
CAL,"6/12/2021 12 p.m. PDT",309,13744,1200,629,42,4993,598,2281
CAL,"6/12/2021 1 p.m. PDT",389,13757,1216,638,42,5255,603,2281
CAL,"6/12/2021 2 p.m. PDT",462,13630,1340,648,43,6322,607,2282
CAL,"6/12/2021 3 p.m. PDT",600,13377,1865,628,43,7876,611,2281
CAL,"6/12/2021 4 p.m. PDT",1445,12664,2073,648,42,9558,704,2282
CAL,"6/12/2021 5 p.m. PDT",2396,11498,2168,654,42,10810,764,2282
CAL,"6/12/2021 6 p.m. PDT",3186,8992,3381,625,42,12218,857,2281
CAL,"6/12/2021 7 p.m. PDT",3673,3546,5142,897,43,14664,1001,2281
CAL,"6/12/2021 8 p.m. PDT",3709,270,5583,1224,43,14819,1289,2280
CAL,"6/12/2021 9 p.m. PDT",3949,155,5287,1192,43,14386,1451,2282
CAL,"6/12/2021 10 p.m. PDT",3924,24,4355,953,46,13629,1307,2282
CAL,"6/12/2021 11 p.m. PDT",3590,24,3666,846,46,12208,1280,2282
CAL,"6/13/2021 12 a.m. PDT",3560,24,2815,822,46,11341,1110,2283
CAL,"6/13/2021 1 a.m. PDT",3347,24,1949,1011,46,10961,1096,2282
CAL,"6/13/2021 2 a.m. PDT",3310,24,1619,810,46,9876,969,2281
CAL,"6/13/2021 3 a.m. PDT",3516,24,1631,720,46,9275,790,2282
CAL,"6/13/2021 4 a.m. PDT",3510,24,1678,813,46,8912,650,2280
CAL,"6/13/2021 5 a.m. PDT",3377,23,1871,798,42,8724,601,2281
CAL,"6/13/2021 6 a.m. PDT",3666,596,1982,922,42,7510,591,2280
CAL,"6/13/2021 7 a.m. PDT",3532,5304,1554,900,42,6598,600,2281
CAL,"6/13/2021 8 a.m. PDT",2942,9854,1376,664,42,5296,597,2279
CAL,"6/13/2021 9 a.m. PDT",2212,11796,892,654,42,5761,600,2281
CAL,"6/13/2021 10 a.m. PDT",1789,12921,844,617,42,5924,601,2282
CAL,"6/13/2021 11 a.m. PDT",1659,13371,712,625,42,5829,601,2280
CAL,"6/13/2021 12 p.m. PDT",1662,13542,984,643,42,6089,603,2280
CAL,"6/13/2021 1 p.m. PDT",2183,13540,1064,649,42,6756,610,2280
CAL,"6/13/2021 2 p.m. PDT",2290,13404,1372,654,42,7418,694,2280
CAL,"6/13/2021 3 p.m. PDT",2697,13096,1516,614,42,9527,721,2280
CAL,"6/13/2021 4 p.m. PDT",3023,12458,2024,620,42,11212,778,2280
CAL,"6/13/2021 5 p.m. PDT",3347,11419,2525,671,42,12491,936,2280
CAL,"6/13/2021 6 p.m. PDT",3665,9000,3270,787,42,13906,1099,2278
CAL,"6/13/2021 7 p.m. PDT",3663,3848,4653,836,42,16362,1209,2277
CAL,"6/13/2021 8 p.m. PDT",3612,289,5146,865,42,17418,1497,2278
CAL,"6/13/2021 9 p.m. PDT",3660,170,5070,1063,43,16484,1735,2279
CAL,"6/13/2021 10 p.m. PDT",3699,25,4339,1079,46,15483,1639,2277
CAL,"6/13/2021 11 p.m. PDT",3647,25,3479,858,46,14294,1352,2278
CAL,"6/14/2021 12 a.m. PDT",3817,25,2152,794,46,12605,1031,2278
CAL,"6/14/2021 1 a.m. PDT",3824,25,1525,985,46,11253,887,2278
CAL,"6/14/2021 2 a.m. PDT",4017,25,1445,733,46,11167,857,2279
CAL,"6/14/2021 3 a.m. PDT",3835,25,1453,706,46,10855,817,2278
CAL,"6/14/2021 4 a.m. PDT",3412,25,1152,705,46,11249,777,2277
CAL,"6/14/2021 5 a.m. PDT",2908,24,1276,705,46,12073,802,2277
CAL,"6/14/2021 6 a.m. PDT",2255,549,1770,845,46,12285,808,2276
CAL,"6/14/2021 7 a.m. PDT",1775,5265,1693,843,46,11713,831,2276
CAL,"6/14/2021 8 a.m. PDT",1781,9662,802,685,46,11252,819,2276
CAL,"6/14/2021 9 a.m. PDT",1471,11372,614,680,46,11665,769,2279
CAL,"6/14/2021 10 a.m. PDT",1139,12310,591,679,46,12389,719,2277
CAL,"6/14/2021 11 a.m. PDT",1091,12113,654,675,46,12270,718,2277
CAL,"6/14/2021 12 p.m. PDT",1236,13127,645,697,46,14036,841,2279
CAL,"6/14/2021 1 p.m. PDT",1649,12984,1063,716,46,14108,856,2278
CAL,"6/14/2021 2 p.m. PDT",2044,12592,1650,775,47,15498,952,2278
CAL,"6/14/2021 3 p.m. PDT",2728,12438,2043,809,47,16345,994,2278
CAL,"6/14/2021 4 p.m. PDT",3534,11058,2970,808,47,16388,1038,2279
CAL,"6/14/2021 5 p.m. PDT",4040,10103,3120,822,47,17033,1270,2278
CAL,"6/14/2021 6 p.m. PDT",3952,7709,3328,916,47,19005,1543,2278
CAL,"6/14/2021 7 p.m. PDT",4108,3249,4616,1193,46,20574,1780,2277
CAL,"6/14/2021 8 p.m. PDT",4180,214,4470,1164,47,21504,1820,2277
CAL,"6/14/2021 9 p.m. PDT",4048,71,4107,939,46,20779,1817,2279
CAL,"6/14/2021 10 p.m. PDT",3782,68,3050,934,46,18341,1817,2277
CAL,"6/14/2021 11 p.m. PDT",3928,68,2338,876,46,16062,1757,2280
CAL,"6/15/2021 12 a.m. PDT",3558,25,1738,845,46,13749,1485,2277
CAL,"6/15/2021 1 a.m. PDT",3197,25,1481,980,46,12452,1212,2279
CAL,"6/15/2021 2 a.m. PDT",3388,25,1324,743,46,11611,1215,2279
CAL,"6/15/2021 3 a.m. PDT",3508,25,1019,704,46,11421,1056,2276
CAL,"6/15/2021 4 a.m. PDT",3552,25,1025,709,46,10961,953,2276
CAL,"6/15/2021 5 a.m. PDT",3314,24,866,789,46,11534,944,2277
CAL,"6/15/2021 6 a.m. PDT",3184,313,1243,750,46,11354,926,2278
CAL,"6/15/2021 7 a.m. PDT",2391,3906,1081,759,46,11279,916,2277
CAL,"6/15/2021 8 a.m. PDT",2073,8053,945,759,46,10879,946,2276
CAL,"6/15/2021 9 a.m. PDT",1569,10582,255,696,46,11885,902,2277
CAL,"6/15/2021 10 a.m. PDT",1539,11396,241,685,46,12773,892,2278
CAL,"6/15/2021 11 a.m. PDT",1155,12088,297,682,46,13803,870,2275
CAL,"6/15/2021 12 p.m. PDT",1129,12351,622,699,47,14701,917,2278
CAL,"6/15/2021 1 p.m. PDT",1482,13121,787,738,46,15025,1214,2278
CAL,"6/15/2021 2 p.m. PDT",1509,12742,1341,777,46,16680,1539,2275
CAL,"6/15/2021 3 p.m. PDT",1874,11976,2561,795,47,17479,1740,2277
CAL,"6/15/2021 4 p.m. PDT",2106,10798,3482,795,47,19576,1748,2279
CAL,"6/15/2021 5 p.m. PDT",2331,7456,4113,826,47,21892,1780,2279
CAL,"6/15/2021 6 p.m. PDT",2395,5690,4371,923,47,23249,1818,2278
CAL,"6/15/2021 7 p.m. PDT",2374,3098,4457,923,46,24307,1819,2279
CAL,"6/15/2021 8 p.m. PDT",2916,757,4924,960,46,24632,1821,2278
CAL,"6/15/2021 9 p.m. PDT",2902,221,3926,1145,46,23490,1820,2278
CAL,"6/15/2021 10 p.m. PDT",2931,19,3323,900,46,20499,1817,2277
CAL,"6/15/2021 11 p.m. PDT",2454,20,2750,820,46,19128,1818,2278
CAL,"6/16/2021 12 a.m. PDT",2154,20,2137,813,46,17875,1815,2277
CAL,"6/16/2021 1 a.m. PDT",2073,26,1620,773,46,15944,1815,2280
CAL,"6/16/2021 2 a.m. PDT",1938,26,1370,743,46,14805,1778,2280
CAL,"6/16/2021 3 a.m. PDT",1911,26,1388,695,46,13804,1615,2279
CAL,"6/16/2021 4 a.m. PDT",1745,26,1327,693,46,13644,1347,2279
CAL,"6/16/2021 5 a.m. PDT",1120,24,1467,757,46,14586,1180,2279
CAL,"6/16/2021 6 a.m. PDT",650,310,1660,818,46,15448,1406,2278
CAL,"6/16/2021 7 a.m. PDT",785,3019,1486,829,46,15110,1674,2278
CAL,"6/16/2021 8 a.m. PDT",565,7433,582,723,46,15511,1759,2278
CAL,"6/16/2021 9 a.m. PDT",658,9029,309,671,46,15430,1586,2280
CAL,"6/16/2021 10 a.m. PDT",538,10962,235,684,46,16418,1293,2279
CAL,"6/16/2021 11 a.m. PDT",650,11728,467,683,46,17024,1045,2279
CAL,"6/16/2021 12 p.m. PDT",871,12176,544,700,47,18940,1062,2279
CAL,"6/16/2021 1 p.m. PDT",1158,11804,983,782,47,20082,1329,2280
CAL,"6/16/2021 2 p.m. PDT",1275,11558,1917,806,47,21019,1602,2280
CAL,"6/16/2021 3 p.m. PDT",1462,11135,2458,807,46,23011,1801,2280
CAL,"6/16/2021 4 p.m. PDT",1790,10018,3170,813,46,23437,1815,2279
CAL,"6/16/2021 5 p.m. PDT",2171,8501,3911,1084,46,23698,1817,2281
CAL,"6/16/2021 6 p.m. PDT",2273,6083,4383,933,46,25611,1816,2280
CAL,"6/16/2021 7 p.m. PDT",2312,2208,4886,1422,47,25978,1815,2281
CAL,"6/16/2021 8 p.m. PDT",2383,228,5024,1412,46,26103,1816,2278
CAL,"6/16/2021 9 p.m. PDT",2776,49,4336,928,46,25058,1813,2277
CAL,"6/16/2021 10 p.m. PDT",2976,49,3280,826,46,22673,1814,2276
CAL,"6/16/2021 11 p.m. PDT",2978,18,2122,817,46,20086,1813,2279
CAL,"6/17/2021 12 a.m. PDT",2629,24,1611,779,46,18237,1727,2279
